[
  {
    "store" : "my_review_feature_store",
    "name" : "tfidf_sim_a",
    "class" : "org.apache.solr.ltr.feature.SolrFeature",
    "params" : { "q" : "{!dismax qf=review_tfidf}${text_a}" }
  },
  {
    "store" : "my_efi_feature_store",
    "name" : "tfidf_sim_b",
    "class" : "org.apache.solr.ltr.feature.SolrFeature",
    "params" : { "q" : "{!dismax qf=review_tfidf}${text_b}" }
  },
  {
    "store" : "my_efi_feature_store",
    "name" : "bm25_sim_a",
    "class" : "org.apache.solr.ltr.feature.SolrFeature",
    "params" : { "q" : "{!dismax qf=review}${text_a}" }
  },
  {
    "store" : "my_efi_feature_store",
    "name" : "bm25_sim_b",
    "class" : "org.apache.solr.ltr.feature.SolrFeature",
    "params" : { "q" : "{!dismax qf=review}${text_b}" }
  },
  {
    "store" : "my_efi_feature_store",
    "name" : "max_sim",
    "class" : "org.apache.solr.ltr.feature.SolrFeature",
    "params" : { "q" : "{!dismax qf='review review_tfidf'}${review}" }
  }
]